,Date,Time,Crm_Desc,Crm_Cd,Lat,Lon
1213483,2016-12-19,1400,VEHICLE - STOLEN,510,34.0799,-118.3068
1213681,2016-12-19,200,THEFT OF IDENTITY,354,33.9926,-118.4378
1213736,2016-12-19,30,THEFT PLAIN - PETTY ($950 & UNDER),440,33.7756,-118.2621
1213859,2016-12-19,1715,BATTERY - SIMPLE ASSAULT,624,34.2391,-118.4502
1214152,2016-12-19,100,OTHER MISCELLANEOUS CRIME,946,34.2728,-118.4149
1214153,2016-12-19,2130,SHOPLIFTING - PETTY THEFT ($950 & UNDER),442,34.2408,-118.2667
1214434,2016-12-19,600,THEFT PLAIN - PETTY ($950 & UNDER),440,34.0244,-118.3968
1214680,2016-12-19,245,INTIMATE PARTNER - SIMPLE ASSAULT,626,34.1038,-118.2013
1214907,2016-12-19,2100,VEHICLE - STOLEN,510,33.9696,-118.2739
1214911,2016-12-19,200,VIOLATION OF COURT ORDER,900,34.0516,-118.4398
1215124,2016-12-19,1200,THEFT OF IDENTITY,354,34.1956,-118.5731
1215745,2016-12-19,2300,THEFT PLAIN - PETTY ($950 & UNDER),440,34.0435,-118.2471
1215991,2016-12-19,1,VEHICLE - STOLEN,510,34.1907,-118.4555
1216858,2016-12-19,325,BURGLARY FROM VEHICLE,330,34.1016,-118.35
1217287,2016-12-19,1700,VANDALISM - MISDEAMEANOR ($399 OR UNDER),745,34.0418,-118.3225
1217870,2016-12-19,640,BURGLARY,310,34.079,-118.3273
1218322,2016-12-19,445,BATTERY - SIMPLE ASSAULT,624,33.9563,-118.2915
1218441,2016-12-19,15,VEHICLE - STOLEN,510,34.1958,-118.4553
1219165,2016-12-19,140,BURGLARY,310,34.2355,-118.5951
1219376,2016-12-19,1000,VEHICLE - STOLEN,510,34.1017,-118.3594
1219525,2016-12-19,900,"THEFT-GRAND ($950.01 & OVER)EXCPT,GUNS,FOWL,LIVESTK,PROD",341,33.9428,-118.4054
1221348,2016-12-19,1820,"CREDIT CARDS, FRAUD USE ($950.01 & OVER)",653,33.9997,-118.2634
1221359,2016-12-19,1335,THEFT PLAIN - PETTY ($950 & UNDER),440,34.0585,-118.3262
1221476,2016-12-19,1800,"BUNCO, GRAND THEFT",662,34.0559,-118.2756
1221924,2016-12-19,140,BATTERY - SIMPLE ASSAULT,624,33.9492,-118.2766
1222018,2016-12-19,240,"BURGLARY, ATTEMPTED",320,34.0521,-118.3864
1222316,2016-12-19,1900,SHOPLIFTING-GRAND THEFT ($950.01 & OVER),343,34.1016,-118.3387
1222543,2016-12-19,2115,BATTERY - SIMPLE ASSAULT,624,34.0437,-118.2455
1223316,2016-12-19,1145,BATTERY - SIMPLE ASSAULT,624,34.0496,-118.2458
1223363,2016-12-19,1500,SHOPLIFTING - PETTY THEFT ($950 & UNDER),442,34.1422,-118.223
1223454,2016-12-19,30,"THEFT-GRAND ($950.01 & OVER)EXCPT,GUNS,FOWL,LIVESTK,PROD",341,33.7811,-118.2428
1223929,2016-12-19,1500,VEHICLE - STOLEN,510,34.0771,-118.1681
1224179,2016-12-19,1200,"THEFT-GRAND ($950.01 & OVER)EXCPT,GUNS,FOWL,LIVESTK,PROD",341,34.1016,-118.3401
1224275,2016-12-19,1545,VEHICLE - STOLEN,510,34.2644,-118.3386
1224306,2016-12-19,1535,INDECENT EXPOSURE,850,34.1301,-118.3555
1224644,2016-12-19,2000,"VANDALISM - FELONY ($400 & OVER, ALL CHURCH VANDALISMS)",740,34.2162,-118.5799
1224700,2016-12-19,1900,THEFT FROM MOTOR VEHICLE - GRAND ($400 AND OVER),331,33.991,-118.3126
1224781,2016-12-19,1200,THEFT OF IDENTITY,354,33.8808,-118.2869
1225267,2016-12-19,1645,THEFT PLAIN - ATTEMPT,441,33.9976,-118.46700000000001
1225329,2016-12-19,1630,THEFT PLAIN - PETTY ($950 & UNDER),440,34.0446,-118.249
1225368,2016-12-19,1630,"THEFT-GRAND ($950.01 & OVER)EXCPT,GUNS,FOWL,LIVESTK,PROD",341,34.0885,-118.3092
1225425,2016-12-19,800,THEFT PLAIN - PETTY ($950 & UNDER),440,34.0431,-118.2536
1225726,2016-12-19,900,BURGLARY FROM VEHICLE,330,34.0673,-118.4534
1226678,2016-12-19,630,THEFT FROM MOTOR VEHICLE - PETTY ($950 & UNDER),420,34.1232,-118.21600000000001
1226858,2016-12-19,1200,VIOLATION OF COURT ORDER,900,34.2701,-118.4935
1227170,2016-12-19,1130,THEFT PLAIN - PETTY ($950 & UNDER),440,34.056,-118.2916
1227499,2016-12-19,1815,"LETTERS, LEWD  -  TELEPHONE CALLS, LEWD",956,34.0399,-118.3177
1227590,2016-12-19,2200,THEFT FROM MOTOR VEHICLE - PETTY ($950 & UNDER),420,34.2048,-118.4659
1227715,2016-12-19,2215,"THEFT, PERSON",350,33.9588,-118.3131
1228459,2016-12-19,100,DOCUMENT FORGERY / STOLEN FELONY,649,34.1909,-118.3654
1228466,2016-12-19,1849,BURGLARY,310,34.2875,-118.5138
1228628,2016-12-19,200,"VANDALISM - FELONY ($400 & OVER, ALL CHURCH VANDALISMS)",740,34.0516,-118.4398
1228702,2016-12-19,1600,BURGLARY FROM VEHICLE,330,33.997,-118.4797
1229209,2016-12-19,2030,"VANDALISM - FELONY ($400 & OVER, ALL CHURCH VANDALISMS)",740,34.2739,-118.4807
1229879,2016-12-19,1730,THEFT PLAIN - PETTY ($950 & UNDER),440,33.7987,-118.3075
1230002,2016-12-19,1715,SHOPLIFTING-GRAND THEFT ($950.01 & OVER),343,34.0254,-118.2384
1230087,2016-12-19,2300,THEFT FROM MOTOR VEHICLE - PETTY ($950 & UNDER),420,34.1794,-118.4116
1231298,2016-12-19,1710,"ASSAULT WITH DEADLY WEAPON, AGGRAVATED ASSAULT",230,34.0495,-118.3215
1231555,2016-12-19,1830,SHOPLIFTING - PETTY THEFT ($950 & UNDER),442,34.2408,-118.2667
1231577,2016-12-19,1730,THEFT PLAIN - PETTY ($950 & UNDER),440,34.12,-118.2139
1233309,2016-12-19,1100,INTIMATE PARTNER - SIMPLE ASSAULT,626,34.1613,-118.4531
1233386,2016-12-19,930,OTHER MISCELLANEOUS CRIME,946,33.741,-118.2838
1233596,2016-12-19,1700,VANDALISM - MISDEAMEANOR ($399 OR UNDER),745,33.7941,-118.2512
1234326,2016-12-19,19,INTIMATE PARTNER - SIMPLE ASSAULT,626,34.1921,-118.4836
1234394,2016-12-19,2100,VEHICLE - STOLEN,510,34.02,-118.3002
1234562,2016-12-19,830,VEHICLE - STOLEN,510,34.2265,-118.5296
1234914,2016-12-19,1045,THEFT PLAIN - PETTY ($950 & UNDER),440,34.1794,-118.3834
1235053,2016-12-19,2030,BURGLARY FROM VEHICLE,330,34.0775,-118.25200000000001
1235268,2016-12-19,1800,BURGLARY FROM VEHICLE,330,34.2103,-118.4634
1235345,2016-12-19,1410,INTIMATE PARTNER - SIMPLE ASSAULT,626,34.1976,-118.4574
1235437,2016-12-19,830,VEHICLE - STOLEN,510,34.0272,-118.24799999999999
1235755,2016-12-19,945,SHOPLIFTING - PETTY THEFT ($950 & UNDER),442,34.038000000000004,-118.4436
1236236,2016-12-19,1900,VEHICLE - ATTEMPT STOLEN,520,33.9983,-118.2783
1236360,2016-12-19,700,THEFT FROM MOTOR VEHICLE - PETTY ($950 & UNDER),420,34.1613,-118.4127
1236423,2016-12-19,1630,BURGLARY FROM VEHICLE,330,34.0694,-118.1754
1236456,2016-12-19,1430,PURSE SNATCHING,351,34.0085,-118.3089
1236489,2016-12-19,1200,CHILD ABUSE (PHYSICAL) - SIMPLE ASSAULT,627,34.0638,-118.2061
1237367,2016-12-19,2300,THEFT PLAIN - PETTY ($950 & UNDER),440,34.0085,-118.3351
1237535,2016-12-19,830,INDECENT EXPOSURE,850,33.9925,-118.2701
1237820,2016-12-19,2330,ARSON,648,34.0922,-118.2226
1237893,2016-12-19,1100,VANDALISM - MISDEAMEANOR ($399 OR UNDER),745,34.153,-118.4383
1237948,2016-12-19,1600,THEFT PLAIN - PETTY ($950 & UNDER),440,34.0911,-118.2684
1238087,2016-12-19,2000,VEHICLE - STOLEN,510,33.9773,-118.2871
1238275,2016-12-19,1312,INTIMATE PARTNER - SIMPLE ASSAULT,626,34.1613,-118.4468
1238475,2016-12-19,1530,THEFT PLAIN - PETTY ($950 & UNDER),440,33.7739,-118.2678
1239821,2016-12-19,1830,BURGLARY FROM VEHICLE,330,34.1722,-118.4323
1240097,2016-12-19,30,BURGLARY,310,34.0772,-118.2787
1240255,2016-12-19,1555,OTHER MISCELLANEOUS CRIME,946,33.9867,-118.3089
1240271,2016-12-19,2000,THEFT OF IDENTITY,354,34.0413,-118.4561
1241086,2016-12-19,1900,BATTERY - SIMPLE ASSAULT,624,34.0421,-118.2469
1241421,2016-12-19,1635,BATTERY - SIMPLE ASSAULT,624,34.0257,-118.2023
1241798,2016-12-19,1920,BATTERY - SIMPLE ASSAULT,624,33.9921,-118.3108
1242548,2016-12-19,1715,BURGLARY,310,34.0495,-118.3805
1242651,2016-12-19,1600,BATTERY - SIMPLE ASSAULT,624,33.9393,-118.2587
1242799,2016-12-19,1200,THEFT PLAIN - PETTY ($950 & UNDER),440,34.3042,-118.4421
1243095,2016-12-19,1200,BURGLARY,310,34.1094,-118.3041
1243140,2016-12-19,2300,VEHICLE - STOLEN,510,34.1088,-118.4618
1243193,2016-12-19,2200,"VANDALISM - FELONY ($400 & OVER, ALL CHURCH VANDALISMS)",740,33.7489,-118.2798
1243690,2016-12-19,122,THEFT OF IDENTITY,354,33.9526,-118.3823
1244625,2016-12-19,820,THEFT FROM MOTOR VEHICLE - PETTY ($950 & UNDER),420,34.2448,-118.5915
1244775,2016-12-19,2200,VEHICLE - STOLEN,510,34.0038,-118.2783
1244872,2016-12-19,2215,VANDALISM - MISDEAMEANOR ($399 OR UNDER),745,34.056,-118.3209
1245189,2016-12-19,2100,VANDALISM - MISDEAMEANOR ($399 OR UNDER),745,34.0994,-118.3093
1245281,2016-12-19,2300,INTIMATE PARTNER - SIMPLE ASSAULT,626,34.0444,-118.4254
1246149,2016-12-19,1445,BATTERY - SIMPLE ASSAULT,624,34.049,-118.2127
1246223,2016-12-19,1050,INTIMATE PARTNER - SIMPLE ASSAULT,626,33.7347,-118.2842
1246249,2016-12-19,1020,"VANDALISM - FELONY ($400 & OVER, ALL CHURCH VANDALISMS)",740,34.0438,-118.2416
1246917,2016-12-19,2230,VEHICLE - ATTEMPT STOLEN,520,34.2198,-118.4488
1246932,2016-12-19,2130,ROBBERY,210,34.0884,-118.2258
1246946,2016-12-19,1700,BURGLARY,310,34.0224,-118.2866
1247212,2016-12-19,1715,THEFT OF IDENTITY,354,34.0508,-118.2865
1247673,2016-12-19,2240,ROBBERY,210,33.9981,-118.2697
1248030,2016-12-19,1240,BATTERY - SIMPLE ASSAULT,624,33.9232,-118.2901
1248569,2016-12-19,700,THEFT FROM MOTOR VEHICLE - PETTY ($950 & UNDER),420,33.9951,-118.3089
1248674,2016-12-19,1830,BURGLARY,310,34.1847,-118.5441
1248689,2016-12-19,1900,VEHICLE - STOLEN,510,33.9799,-118.2958
1249517,2016-12-19,2150,INTIMATE PARTNER - SIMPLE ASSAULT,626,34.0436,-118.34
1249632,2016-12-19,1400,THEFT PLAIN - PETTY ($950 & UNDER),440,34.0712,-118.3004
1249812,2016-12-19,2030,"VANDALISM - FELONY ($400 & OVER, ALL CHURCH VANDALISMS)",740,33.9981,-118.4785
1250140,2016-12-19,1900,"VANDALISM - FELONY ($400 & OVER, ALL CHURCH VANDALISMS)",740,34.1973,-118.6473
1250239,2016-12-19,900,THEFT PLAIN - PETTY ($950 & UNDER),440,34.0401,-118.4644
1250348,2016-12-19,1000,"THEFT-GRAND ($950.01 & OVER)EXCPT,GUNS,FOWL,LIVESTK,PROD",341,34.2319,-118.571
1250730,2016-12-19,1100,DOCUMENT WORTHLESS ($200.01 & OVER),651,34.0617,-118.3085
1251183,2016-12-19,2130,VEHICLE - STOLEN,510,33.8191,-118.3089
1251641,2016-12-19,1500,BURGLARY FROM VEHICLE,330,34.172,-118.5882
1251929,2016-12-19,1130,THEFT PLAIN - PETTY ($950 & UNDER),440,34.1904,-118.6083
1252812,2016-12-19,1700,BIKE - STOLEN,480,34.0735,-118.3571
1253592,2016-12-19,2210,VANDALISM - MISDEAMEANOR ($399 OR UNDER),745,34.0481,-118.2133
1253714,2016-12-19,1500,CRIMINAL THREATS - NO WEAPON DISPLAYED,930,33.9701,-118.4277
1253734,2016-12-19,700,DOCUMENT FORGERY / STOLEN FELONY,649,33.9551,-118.3805
1253934,2016-12-19,1155,BRANDISH WEAPON,761,34.0474,-118.2496
1253985,2016-12-19,2130,"VANDALISM - FELONY ($400 & OVER, ALL CHURCH VANDALISMS)",740,34.2839,-118.405
1254482,2016-12-19,1000,BURGLARY,310,34.1586,-118.60799999999999
1255091,2016-12-19,1026,"THEFT-GRAND ($950.01 & OVER)EXCPT,GUNS,FOWL,LIVESTK,PROD",341,34.0761,-118.3766
1255295,2016-12-19,900,THEFT OF IDENTITY,354,34.053000000000004,-118.3637
1255555,2016-12-19,1600,BURGLARY FROM VEHICLE,330,34.0472,-118.459
1255770,2016-12-19,1930,BURGLARY FROM VEHICLE,330,33.9629,-118.2695
1255849,2016-12-19,2050,ROBBERY,210,34.0425,-118.3818
1256630,2016-12-19,1800,"VANDALISM - FELONY ($400 & OVER, ALL CHURCH VANDALISMS)",740,34.0713,-118.2291
1256711,2016-12-19,1145,INTIMATE PARTNER - AGGRAVATED ASSAULT,236,33.9492,-118.2739
1256745,2016-12-19,2130,VEHICLE - STOLEN,510,34.1929,-118.4208
1256877,2016-12-19,2200,ROBBERY,210,34.0328,-118.25399999999999
1257079,2016-12-19,1530,DOCUMENT FORGERY / STOLEN FELONY,649,33.9677,-118.4231
1257491,2016-12-19,2050,SHOPLIFTING-GRAND THEFT ($950.01 & OVER),343,34.244,-118.5583
1258193,2016-12-19,100,INTIMATE PARTNER - SIMPLE ASSAULT,626,34.1894,-118.3859
1258660,2016-12-19,2230,BURGLARY FROM VEHICLE,330,34.2543,-118.5274
1259569,2016-12-19,30,ROBBERY,210,33.7757,-118.2608
1259581,2016-12-19,500,VEHICLE - STOLEN,510,34.0006,-118.2871
1259669,2016-12-19,1545,THEFT PLAIN - PETTY ($950 & UNDER),440,34.2854,-118.5205
1260500,2016-12-19,2200,CRIMINAL THREATS - NO WEAPON DISPLAYED,930,33.9388,-118.2499
1260696,2016-12-19,1200,DOCUMENT FORGERY / STOLEN FELONY,649,33.9321,-118.2434
1260755,2016-12-19,1930,"ASSAULT WITH DEADLY WEAPON, AGGRAVATED ASSAULT",230,34.1907,-118.6234
1261714,2016-12-19,700,BURGLARY FROM VEHICLE,330,34.1284,-118.3568
1262852,2016-12-19,1700,BURGLARY FROM VEHICLE,330,34.104,-118.1971
1262883,2016-12-19,1900,BURGLARY FROM VEHICLE,330,34.0713,-118.2767
1264918,2016-12-19,1830,INTIMATE PARTNER - AGGRAVATED ASSAULT,236,34.0464,-118.3251
1266267,2016-12-19,1400,"ASSAULT WITH DEADLY WEAPON, AGGRAVATED ASSAULT",230,34.1017,-118.3147
1267278,2016-12-19,130,"BURGLARY, ATTEMPTED",320,34.1499,-118.4422
1267358,2016-12-19,1335,SHOPLIFTING - PETTY THEFT ($950 & UNDER),442,34.2519,-118.2713
1267511,2016-12-19,1300,BURGLARY FROM VEHICLE,330,34.1481,-118.3703
1267597,2016-12-19,1400,VANDALISM - MISDEAMEANOR ($399 OR UNDER),745,34.0908,-118.3277
1267967,2016-12-19,1520,THEFT PLAIN - PETTY ($950 & UNDER),440,34.0278,-118.2915
1268306,2016-12-19,1700,BURGLARY FROM VEHICLE,330,33.946999999999996,-118.2684
1268571,2016-12-19,1845,VEHICLE - STOLEN,510,33.9891,-118.3245
1269441,2016-12-19,1200,THEFT PLAIN - PETTY ($950 & UNDER),440,34.1667,-118.3653
1270120,2016-12-19,2340,ATTEMPTED ROBBERY,220,33.9774,-118.2827
1270356,2016-12-19,1900,VEHICLE - STOLEN,510,34.0065,-118.2762
1270433,2016-12-19,5,BATTERY - SIMPLE ASSAULT,624,34.1975,-118.5317
1271584,2016-12-19,1400,THEFT PLAIN - PETTY ($950 & UNDER),440,34.1657,-118.5988
1271610,2016-12-19,330,TRESPASSING,888,34.1018,-118.3034
1271945,2016-12-19,20,PANDERING,806,34.1938,-118.4702
1271949,2016-12-19,1000,"THEFT-GRAND ($950.01 & OVER)EXCPT,GUNS,FOWL,LIVESTK,PROD",341,34.2695,-118.5638
1272040,2016-12-19,1800,THEFT FROM MOTOR VEHICLE - GRAND ($400 AND OVER),331,34.0389,-118.309
1272157,2016-12-19,1800,VEHICLE - STOLEN,510,34.0173,-118.22
1272466,2016-12-19,1045,BATTERY - SIMPLE ASSAULT,624,34.0418,-118.4353
1272682,2016-12-19,415,THEFT PLAIN - PETTY ($950 & UNDER),440,34.2782,-118.5196
1273111,2016-12-19,1300,VANDALISM - MISDEAMEANOR ($399 OR UNDER),745,34.0601,-118.2761
1273603,2016-12-19,1115,BATTERY - SIMPLE ASSAULT,624,34.0636,-118.296
1274258,2016-12-19,2030,"VANDALISM - FELONY ($400 & OVER, ALL CHURCH VANDALISMS)",740,33.9534,-118.2475
1274478,2016-12-19,1700,BIKE - STOLEN,480,34.0478,-118.2484
1274520,2016-12-19,1100,THEFT FROM MOTOR VEHICLE - PETTY ($950 & UNDER),420,34.0219,-118.1984
1274780,2016-12-19,1830,BURGLARY,310,34.1719,-118.5684
1275141,2016-12-19,335,BURGLARY,310,33.7279,-118.288
1275147,2016-12-19,1840,"DEFRAUDING INNKEEPER/THEFT OF SERVICES, $400 & UNDER",951,33.7895,-118.3012
1275289,2016-12-19,700,BRANDISH WEAPON,761,34.2355,-118.5404
1275787,2016-12-19,2300,"THEFT-GRAND ($950.01 & OVER)EXCPT,GUNS,FOWL,LIVESTK,PROD",341,34.0691,-118.2941
1276840,2016-12-19,2100,CRIMINAL THREATS - NO WEAPON DISPLAYED,930,34.0493,-118.2828
1278359,2016-12-19,1830,THEFT PLAIN - PETTY ($950 & UNDER),440,34.1776,-118.4465
1278643,2016-12-19,1130,BURGLARY,310,34.0616,-118.2795
1278736,2016-12-19,830,BURGLARY,310,34.2472,-118.5003
1278765,2016-12-19,1430,VEHICLE - STOLEN,510,34.1053,-118.3158
1278938,2016-12-19,230,VEHICLE - STOLEN,510,33.9553,-118.3857
1279164,2016-12-19,1800,"BUNCO, GRAND THEFT",662,34.0559,-118.2756
1279642,2016-12-19,2200,BURGLARY,310,34.2612,-118.4957
1279899,2016-12-19,1300,"BUNCO, GRAND THEFT",662,34.0559,-118.2756
1280244,2016-12-19,1,"EMBEZZLEMENT, GRAND THEFT ($950.01 & OVER)",668,34.0672,-118.3091
1281465,2016-12-19,1830,ROBBERY,210,34.1106,-118.243
1281766,2016-12-19,1900,THEFT PLAIN - PETTY ($950 & UNDER),440,34.1939,-118.4662
1281945,2016-12-19,1900,THEFT FROM MOTOR VEHICLE - PETTY ($950 & UNDER),420,34.1427,-118.4052
1282187,2016-12-19,1900,VEHICLE - STOLEN,510,33.9964,-118.3126
1284437,2016-12-19,800,"LETTERS, LEWD  -  TELEPHONE CALLS, LEWD",956,33.9735,-118.4236
1284561,2016-12-19,1900,OTHER MISCELLANEOUS CRIME,946,34.0853,-118.186
1284780,2016-12-19,1800,"LETTERS, LEWD  -  TELEPHONE CALLS, LEWD",956,34.1956,-118.5943
1285471,2016-12-19,600,"VANDALISM - FELONY ($400 & OVER, ALL CHURCH VANDALISMS)",740,34.058,-118.439
1285476,2016-12-19,400,BURGLARY,310,33.787,-118.2555
1285598,2016-12-19,1910,INTIMATE PARTNER - AGGRAVATED ASSAULT,236,34.1809,-118.4509
1285823,2016-12-19,900,THEFT PLAIN - PETTY ($950 & UNDER),440,34.2167,-118.4189
1285858,2016-12-19,2045,THEFT FROM MOTOR VEHICLE - PETTY ($950 & UNDER),420,34.0503,-118.3163
1286000,2016-12-19,1720,BATTERY - SIMPLE ASSAULT,624,34.010999999999996,-118.3351
1286004,2016-12-19,1500,"LETTERS, LEWD  -  TELEPHONE CALLS, LEWD",956,34.1849,-118.3845
1286140,2016-12-19,1800,CRIMINAL THREATS - NO WEAPON DISPLAYED,930,34.04,-118.3003
1286209,2016-12-19,1800,THEFT FROM MOTOR VEHICLE - PETTY ($950 & UNDER),420,34.1889,-118.5906
1286403,2016-12-19,1740,BATTERY - SIMPLE ASSAULT,624,34.0085,-118.3333
1286615,2016-12-19,1530,BURGLARY FROM VEHICLE,330,33.9619,-118.4327
1287897,2016-12-19,1310,THEFT PLAIN - PETTY ($950 & UNDER),440,34.0974,-118.3931
1288053,2016-12-19,200,VEHICLE - STOLEN,510,34.2714,-118.2702
1288446,2016-12-19,735,CRIMINAL THREATS - NO WEAPON DISPLAYED,930,33.9873,-118.2739
1288911,2016-12-19,5,THEFT OF IDENTITY,354,34.2047,-118.6003
1289015,2016-12-19,1035,THEFT FROM MOTOR VEHICLE - GRAND ($400 AND OVER),331,33.9906,-118.4391
1289084,2016-12-19,1200,THEFT OF IDENTITY,354,34.0632,-118.3634
1289148,2016-12-19,2145,BURGLARY,310,34.1504,-118.37899999999999
1289232,2016-12-19,1800,VEHICLE - STOLEN,510,34.2653,-118.4268
1289550,2016-12-19,1900,THEFT PLAIN - PETTY ($950 & UNDER),440,33.9301,-118.2739
1289601,2016-12-19,1700,BATTERY - SIMPLE ASSAULT,624,34.2881,-118.5448
1289744,2016-12-19,1900,BURGLARY FROM VEHICLE,330,34.0629,-118.4728
1290759,2016-12-19,1225,THEFT PLAIN - PETTY ($950 & UNDER),440,34.0653,-118.3183
1291017,2016-12-19,910,"ASSAULT WITH DEADLY WEAPON, AGGRAVATED ASSAULT",230,34.0935,-118.2866
1291470,2016-12-19,30,BURGLARY FROM VEHICLE,330,34.0944,-118.3428
1292685,2016-12-19,1430,INTIMATE PARTNER - SIMPLE ASSAULT,626,33.9927,-118.4419
1293032,2016-12-19,2200,BRANDISH WEAPON,761,34.0256,-118.2245
1293227,2016-12-19,2300,VANDALISM - MISDEAMEANOR ($399 OR UNDER),745,34.0456,-118.2101
1293428,2016-12-19,1,THEFT OF IDENTITY,354,34.0035,-118.4244
1293840,2016-12-19,1920,ATTEMPTED ROBBERY,220,34.0419,-118.2485
1293896,2016-12-19,100,"THEFT-GRAND ($950.01 & OVER)EXCPT,GUNS,FOWL,LIVESTK,PROD",341,34.2114,-118.45299999999999
1294772,2016-12-19,900,THEFT OF IDENTITY,354,34.0721,-118.3658
1294925,2016-12-19,1200,BURGLARY FROM VEHICLE,330,34.103,-118.3225
1295845,2016-12-19,2215,BATTERY - SIMPLE ASSAULT,624,33.9388,-118.2499
1296248,2016-12-19,1700,BATTERY - SIMPLE ASSAULT,624,34.1889,-118.5481
1296714,2016-12-19,1805,BURGLARY,310,33.9237,-118.2826
1296795,2016-12-19,1325,VANDALISM - MISDEAMEANOR ($399 OR UNDER),745,34.0354,-118.446
1297027,2016-12-19,1500,VEHICLE - STOLEN,510,34.2282,-118.4553
1297404,2016-12-19,2030,VEHICLE - STOLEN,510,34.2555,-118.4674
1297469,2016-12-19,1900,VEHICLE - STOLEN,510,34.1036,-118.2371
1297692,2016-12-19,1800,VEHICLE - STOLEN,510,34.1053,-118.3147
1297733,2016-12-19,1240,BATTERY - SIMPLE ASSAULT,624,33.9232,-118.2901
1298166,2016-12-19,1500,ROBBERY,210,33.9347,-118.2761
1299128,2016-12-19,400,INTIMATE PARTNER - AGGRAVATED ASSAULT,236,34.0649,-118.2797
1299619,2016-12-19,1700,"THEFT-GRAND ($950.01 & OVER)EXCPT,GUNS,FOWL,LIVESTK,PROD",341,34.0421,-118.2469
1299643,2016-12-19,1335,ROBBERY,210,34.0446,-118.249
1300734,2016-12-19,1900,CRIMINAL THREATS - NO WEAPON DISPLAYED,930,33.9301,-118.2739
1301090,2016-12-19,1920,BATTERY - SIMPLE ASSAULT,624,33.9921,-118.3108
1301180,2016-12-19,730,BURGLARY FROM VEHICLE,330,34.0623,-118.198
1301521,2016-12-19,2300,VEHICLE - STOLEN,510,34.0824,-118.2704
1301812,2016-12-19,2200,VANDALISM - MISDEAMEANOR ($399 OR UNDER),745,34.3095,-118.4672
1302025,2016-12-19,2100,VEHICLE - STOLEN,510,33.9978,-118.2915
1302635,2016-12-19,1500,VEHICLE - STOLEN,510,34.1283,-118.2299
1302831,2016-12-19,1330,BURGLARY FROM VEHICLE,330,34.010999999999996,-118.3351
1302832,2016-12-19,2100,VEHICLE - STOLEN,510,34.1831,-118.4334
1302838,2016-12-19,900,CONTEMPT OF COURT,903,34.1976,-118.4225
1302935,2016-12-19,1400,BOMB SCARE,755,34.1827,-118.4465
1304260,2016-12-19,420,INTIMATE PARTNER - SIMPLE ASSAULT,626,34.0649,-118.2797
1304327,2016-12-19,1415,CRIMINAL HOMICIDE,110,34.2251,-118.5372
1304727,2016-12-19,1959,"ASSAULT WITH DEADLY WEAPON, AGGRAVATED ASSAULT",230,34.1883,-118.6274
1304910,2016-12-19,1000,THEFT PLAIN - PETTY ($950 & UNDER),440,34.0385,-118.4408
1304930,2016-12-19,1700,"BUNCO, GRAND THEFT",662,34.1063,-118.3362
1305651,2016-12-19,920,VANDALISM - MISDEAMEANOR ($399 OR UNDER),745,34.0413,-118.3575
1306132,2016-12-19,800,THEFT OF IDENTITY,354,34.0765,-118.2118
1306180,2016-12-19,1200,"VANDALISM - FELONY ($400 & OVER, ALL CHURCH VANDALISMS)",740,34.0341,-118.2507
1306283,2016-12-19,315,THEFT PLAIN - PETTY ($950 & UNDER),440,34.2206,-118.5448
1306554,2016-12-19,920,DISTURBING THE PEACE,886,34.1753,-118.6057
1306789,2016-12-19,600,THEFT FROM MOTOR VEHICLE - PETTY ($950 & UNDER),420,34.2748,-118.4699
1306887,2016-12-19,1030,BURGLARY,310,34.1721,-118.4618
1307363,2016-12-19,1200,THEFT OF IDENTITY,354,34.089,-118.2437
1307936,2016-12-19,600,BURGLARY,310,34.0659,-118.4282
1308035,2016-12-19,1630,INTIMATE PARTNER - SIMPLE ASSAULT,626,34.1569,-118.6058
1308401,2016-12-19,15,BATTERY - SIMPLE ASSAULT,624,33.9747,-118.2827
1308766,2016-12-19,210,"VANDALISM - FELONY ($400 & OVER, ALL CHURCH VANDALISMS)",740,34.2084,-118.4599
1308818,2016-12-19,1900,"VANDALISM - FELONY ($400 & OVER, ALL CHURCH VANDALISMS)",740,33.9934,-118.46
1309062,2016-12-19,1300,VEHICLE - STOLEN,510,34.0231,-118.2698
1309092,2016-12-19,1100,OTHER MISCELLANEOUS CRIME,946,34.0721,-118.2818
1309101,2016-12-19,1900,VEHICLE - STOLEN,510,34.0065,-118.2762
1309151,2016-12-19,1515,"THEFT-GRAND ($950.01 & OVER)EXCPT,GUNS,FOWL,LIVESTK,PROD",341,34.0665,-118.3662
1310186,2016-12-19,400,BATTERY - SIMPLE ASSAULT,624,34.0721,-118.2669
1310200,2016-12-19,950,THEFT FROM MOTOR VEHICLE - PETTY ($950 & UNDER),420,34.0577,-118.3009
1311195,2016-12-19,2200,VEHICLE - STOLEN,510,34.0863,-118.1624
1311892,2016-12-19,2345,BATTERY - SIMPLE ASSAULT,624,34.1475,-118.4225
1312183,2016-12-19,1820,ATTEMPTED ROBBERY,220,34.0987,-118.3337
1312579,2016-12-19,1400,"BUNCO, GRAND THEFT",662,34.0508,-118.4683
1313227,2016-12-19,1850,THEFT PLAIN - PETTY ($950 & UNDER),440,34.0425,-118.3818
1313343,2016-12-19,1610,"THEFT, PERSON",350,34.0998,-118.3282
1313436,2016-12-19,945,VEHICLE - STOLEN,510,34.0653,-118.3183
1313534,2016-12-19,935,THEFT OF IDENTITY,354,34.1571,-118.6349
1313760,2016-12-19,1430,BATTERY - SIMPLE ASSAULT,624,34.0577,-118.3608
1313851,2016-12-19,905,VIOLATION OF RESTRAINING ORDER,901,34.0698,-118.2528
1313955,2016-12-19,1030,"EMBEZZLEMENT, GRAND THEFT ($950.01 & OVER)",668,33.9455,-118.3768
1315201,2016-12-19,2020,SHOPLIFTING - PETTY THEFT ($950 & UNDER),442,34.2037,-118.421
1317020,2016-12-19,130,BATTERY - SIMPLE ASSAULT,624,34.2085,-118.3703
1317100,2016-12-19,530,CRIMINAL THREATS - NO WEAPON DISPLAYED,930,34.0598,-118.2891
1317242,2016-12-19,100,BURGLARY FROM VEHICLE,330,34.2308,-118.5733
1317689,2016-12-19,1715,THEFT FROM MOTOR VEHICLE - PETTY ($950 & UNDER),420,34.0782,-118.2236
1317970,2016-12-19,1400,DOCUMENT FORGERY / STOLEN FELONY,649,34.2047,-118.5994
1317988,2016-12-19,2100,BURGLARY,310,34.1903,-118.4574
1318110,2016-12-19,130,SHOPLIFTING - PETTY THEFT ($950 & UNDER),442,34.2467,-118.4479
1318867,2016-12-19,2000,"VANDALISM - FELONY ($400 & OVER, ALL CHURCH VANDALISMS)",740,34.0886,-118.208
1318931,2016-12-19,5,DOCUMENT FORGERY / STOLEN FELONY,649,34.1733,-118.5709
1319101,2016-12-19,1200,BATTERY - SIMPLE ASSAULT,624,34.1017,-118.3114
1319127,2016-12-19,1200,THEFT PLAIN - PETTY ($950 & UNDER),440,34.103,-118.2462
1319293,2016-12-19,1400,ROBBERY,210,33.9923,-118.287
1319564,2016-12-19,1840,BURGLARY,310,34.0535,-118.325
1319703,2016-12-19,1000,THEFT FROM MOTOR VEHICLE - PETTY ($950 & UNDER),420,33.9619,-118.3003
1319778,2016-12-19,1630,BURGLARY FROM VEHICLE,330,33.7562,-118.3065
1320419,2016-12-19,1630,BATTERY - SIMPLE ASSAULT,624,34.2579,-118.3114
1320489,2016-12-19,200,"VANDALISM - FELONY ($400 & OVER, ALL CHURCH VANDALISMS)",740,34.0517,-118.2474
1320542,2016-12-19,1700,INTIMATE PARTNER - AGGRAVATED ASSAULT,236,34.0452,-118.3351
1320628,2016-12-19,500,ROBBERY,210,34.2084,-118.5317
1320669,2016-12-19,630,THEFT FROM MOTOR VEHICLE - PETTY ($950 & UNDER),420,34.1451,-118.3875
1321219,2016-12-19,1030,ROBBERY,210,33.9487,-118.2392
1321700,2016-12-19,1800,ROBBERY,210,34.2225,-118.3878
1322204,2016-12-19,2245,ROBBERY,210,34.1811,-118.5928
1322396,2016-12-19,1130,TRESPASSING,888,34.0949,-118.3104
1322714,2016-12-19,245,INTIMATE PARTNER - SIMPLE ASSAULT,626,34.1038,-118.2013
1323018,2016-12-19,2130,VEHICLE - STOLEN,510,33.861999999999995,-118.2967
1323157,2016-12-19,1550,"THEFT-GRAND ($950.01 & OVER)EXCPT,GUNS,FOWL,LIVESTK,PROD",341,34.1613,-118.4917
1324351,2016-12-19,150,ROBBERY,210,34.0907,-118.3386
1324518,2016-12-19,1950,THEFT PLAIN - PETTY ($950 & UNDER),440,34.1903,-118.4399
1325337,2016-12-19,1330,THEFT PLAIN - PETTY ($950 & UNDER),440,34.0502,-118.25399999999999
1325929,2016-12-19,1630,INTIMATE PARTNER - AGGRAVATED ASSAULT,236,34.0463,-118.2904
1326260,2016-12-19,1920,ROBBERY,210,33.9921,-118.3108
1326842,2016-12-19,1430,BURGLARY FROM VEHICLE,330,34.1493,-118.3759
1326866,2016-12-19,2130,VEHICLE - STOLEN,510,34.04,-118.3101
1326983,2016-12-19,300,VEHICLE - STOLEN,510,34.3048,-118.4333
1327240,2016-12-19,1700,"LETTERS, LEWD  -  TELEPHONE CALLS, LEWD",956,34.0337,-118.2953
1327410,2016-12-19,1800,"VANDALISM - FELONY ($400 & OVER, ALL CHURCH VANDALISMS)",740,33.9283,-118.2586
1327512,2016-12-19,1200,SHOPLIFTING - PETTY THEFT ($950 & UNDER),442,34.0483,-118.2631
1327693,2016-12-19,1340,THEFT OF IDENTITY,354,33.9637,-118.2739
1328603,2016-12-19,900,BURGLARY FROM VEHICLE,330,34.0316,-118.2657
1328967,2016-12-19,830,SHOPLIFTING - PETTY THEFT ($950 & UNDER),442,34.2282,-118.5623
1328975,2016-12-19,1645,BURGLARY,310,33.9713,-118.2673
1329045,2016-12-19,1400,VEHICLE - STOLEN,510,33.9899,-118.2958
1329048,2016-12-19,1720,"VANDALISM - FELONY ($400 & OVER, ALL CHURCH VANDALISMS)",740,34.1939,-118.4924
1329776,2016-12-19,2130,BURGLARY FROM VEHICLE,330,34.0926,-118.3374
1329839,2016-12-19,1300,THEFT OF IDENTITY,354,34.0712,-118.4757
1329903,2016-12-19,935,DOCUMENT FORGERY / STOLEN FELONY,649,34.1571,-118.6349
1329997,2016-12-19,2000,"ASSAULT WITH DEADLY WEAPON, AGGRAVATED ASSAULT",230,34.1732,-118.536
1330617,2016-12-19,15,OTHER ASSAULT,625,33.9806,-118.3323
1331899,2016-12-19,1030,BURGLARY,310,34.174,-118.4367
1332533,2016-12-19,1555,"BUNCO, PETTY THEFT",664,34.0782,-118.3695
1332785,2016-12-19,30,INTIMATE PARTNER - SIMPLE ASSAULT,626,33.9729,-118.4039
1333130,2016-12-19,230,ROBBERY,210,34.0907,-118.3386
1333234,2016-12-19,1250,BURGLARY,310,34.1695,-118.4334
1334200,2016-12-19,1100,"VANDALISM - FELONY ($400 & OVER, ALL CHURCH VANDALISMS)",740,34.1635,-118.4378
1334760,2016-12-19,2200,"EMBEZZLEMENT, GRAND THEFT ($950.01 & OVER)",668,33.9455,-118.3768
1334854,2016-12-19,1200,"ASSAULT WITH DEADLY WEAPON, AGGRAVATED ASSAULT",230,34.2682,-118.4229
1335736,2016-12-19,1555,TRESPASSING,888,34.1335,-118.4971
1336699,2016-12-19,800,DOCUMENT FORGERY / STOLEN FELONY,649,34.0172,-118.42299999999999
1337257,2016-12-19,1210,BATTERY POLICE (SIMPLE),623,34.0616,-118.2795
1337405,2016-12-19,515,ROBBERY,210,34.0489,-118.3158
1338349,2016-12-19,1300,BRANDISH WEAPON,761,34.0251,-118.287
1339218,2016-12-19,1745,THEFT PLAIN - PETTY ($950 & UNDER),440,34.0037,-118.3294
1339257,2016-12-19,240,ARSON,648,34.0763,-118.2857
1340187,2016-12-19,1425,THEFT OF IDENTITY,354,34.0962,-118.3496
1341367,2016-12-19,700,THEFT OF IDENTITY,354,34.1275,-118.1843
1342493,2016-12-19,1800,BURGLARY,310,34.260999999999996,-118.4807
1342813,2016-12-19,2000,VEHICLE - STOLEN,510,33.9378,-118.2542
1343152,2016-12-19,1758,"CREDIT CARDS, FRAUD USE ($950.01 & OVER)",653,34.1436,-118.3953
1343499,2016-12-19,1830,"BURGLARY, ATTEMPTED",320,34.260999999999996,-118.4807
1343550,2016-12-19,1200,"BUNCO, GRAND THEFT",662,33.9511,-118.3068
1344087,2016-12-19,1848,SHOPLIFTING - PETTY THEFT ($950 & UNDER),442,33.8481,-118.3041
1344186,2016-12-19,100,BURGLARY FROM VEHICLE,330,33.9911,-118.3126
1344262,2016-12-19,1642,ROBBERY,210,34.1016,-118.3417
1344814,2016-12-19,130,THEFT OF IDENTITY,354,33.7352,-118.2923
1345378,2016-12-19,2130,THEFT PLAIN - PETTY ($950 & UNDER),440,34.0782,-118.3695
1345427,2016-12-19,240,INTIMATE PARTNER - SIMPLE ASSAULT,626,33.9792,-118.2871
1345533,2016-12-19,930,BURGLARY,310,33.9519,-118.2396
1345634,2016-12-19,1715,BATTERY - SIMPLE ASSAULT,624,34.2391,-118.4502
1346421,2016-12-19,1800,ROBBERY,210,34.2624,-118.4272
1346832,2016-12-19,705,VEHICLE - STOLEN,510,34.2103,-118.4488
1347186,2016-12-19,930,CRIMINAL THREATS - NO WEAPON DISPLAYED,930,34.0453,-118.2499
1347278,2016-12-19,1900,"BUNCO, PETTY THEFT",664,34.0577,-118.3053
1348120,2016-12-19,2130,VEHICLE - STOLEN,510,34.0187,-118.2118
1348136,2016-12-19,1200,THEFT OF IDENTITY,354,34.0636,-118.3047
1348531,2016-12-19,1120,"ASSAULT WITH DEADLY WEAPON, AGGRAVATED ASSAULT",230,34.0039,-118.2717
1349365,2016-12-19,1410,TRESPASSING,888,33.9619,-118.2739
1349963,2016-12-19,1530,BATTERY - SIMPLE ASSAULT,624,34.2152,-118.45100000000001
1350738,2016-12-19,2100,BURGLARY,310,34.17,-118.3763
1351058,2016-12-19,2230,INTIMATE PARTNER - SIMPLE ASSAULT,626,34.1362,-118.34200000000001
1351225,2016-12-19,1500,VEHICLE - STOLEN,510,33.9829,-118.3338
1351941,2016-12-19,1930,THEFT FROM MOTOR VEHICLE - PETTY ($950 & UNDER),420,34.0546,-118.3826
1352202,2016-12-19,1830,THEFT FROM MOTOR VEHICLE - GRAND ($400 AND OVER),331,34.0769,-118.2758
1352902,2016-12-19,955,VEHICLE - STOLEN,510,33.8212,-118.3089
1353866,2016-12-19,1250,VEHICLE - STOLEN,510,34.0654,-118.3116
1354133,2016-12-19,1210,TRESPASSING,888,34.0474,-118.2496
1354371,2016-12-19,1935,"ASSAULT WITH DEADLY WEAPON, AGGRAVATED ASSAULT",230,34.1738,-118.6146
1355053,2016-12-19,120,CRIMINAL THREATS - NO WEAPON DISPLAYED,930,33.7447,-118.2945
1355257,2016-12-19,135,ROBBERY,210,33.9892,-118.2783
1355281,2016-12-19,2000,VANDALISM - MISDEAMEANOR ($399 OR UNDER),745,34.2139,-118.5361
1355300,2016-12-19,1500,VANDALISM - MISDEAMEANOR ($399 OR UNDER),745,34.2282,-118.4553
1355525,2016-12-19,1200,VEHICLE - STOLEN,510,33.9853,-118.35
1355658,2016-12-19,1530,BURGLARY,310,33.9736,-118.3857
1356134,2016-12-19,1200,THEFT OF IDENTITY,354,34.0653,-118.3183
1357066,2016-12-19,345,"THEFT, PERSON",350,34.0491,-118.2558
1357587,2016-12-19,1800,"DEFRAUDING INNKEEPER/THEFT OF SERVICES, $400 & UNDER",951,34.0863,-118.3005
1357664,2016-12-19,1500,"VANDALISM - FELONY ($400 & OVER, ALL CHURCH VANDALISMS)",740,34.244,-118.5583
1357853,2016-12-19,2130,BATTERY - SIMPLE ASSAULT,624,34.1993,-118.5535
1358030,2016-12-19,1010,SHOPLIFTING - PETTY THEFT ($950 & UNDER),442,34.1017,-118.3093
1358540,2016-12-19,1550,INTIMATE PARTNER - AGGRAVATED ASSAULT,236,34.0027,-118.2896
1358613,2016-12-19,810,"BURGLARY, ATTEMPTED",320,33.9975,-118.2454
1359874,2016-12-19,745,SHOPLIFTING - PETTY THEFT ($950 & UNDER),442,33.9747,-118.2695
1360631,2016-12-19,2100,THEFT FROM MOTOR VEHICLE - GRAND ($400 AND OVER),331,34.1322,-118.3685
1361168,2016-12-19,1030,THEFT PLAIN - PETTY ($950 & UNDER),440,34.0618,-118.2867
1361259,2016-12-19,300,INTIMATE PARTNER - AGGRAVATED ASSAULT,236,34.0597,-118.2795
1361390,2016-12-19,1600,THEFT PLAIN - PETTY ($950 & UNDER),440,34.0898,-118.2075
1361394,2016-12-19,1445,THEFT PLAIN - PETTY ($950 & UNDER),440,34.2371,-118.3524
1361622,2016-12-19,1745,VANDALISM - MISDEAMEANOR ($399 OR UNDER),745,33.9875,-118.4672
1361939,2016-12-19,1500,DOCUMENT FORGERY / STOLEN FELONY,649,34.2684,-118.5317
1362299,2016-12-19,600,BURGLARY,310,33.8613,-118.2962
1363122,2016-12-19,1040,BATTERY - SIMPLE ASSAULT,624,33.9717,-118.2856
1363149,2016-12-19,2000,BURGLARY FROM VEHICLE,330,34.0736,-118.3816
1363228,2016-12-19,1,DOCUMENT FORGERY / STOLEN FELONY,649,34.1681,-118.3773
1363320,2016-12-19,1530,SHOPLIFTING - PETTY THEFT ($950 & UNDER),442,34.1486,-118.3965
1363431,2016-12-19,2000,"THEFT-GRAND ($950.01 & OVER)EXCPT,GUNS,FOWL,LIVESTK,PROD",341,34.0783,-118.3419
1363675,2016-12-19,1800,THEFT FROM MOTOR VEHICLE - GRAND ($400 AND OVER),331,34.0553,-118.3874
1363830,2016-12-19,1120,BATTERY - SIMPLE ASSAULT,624,34.0266,-118.2099
1363855,2016-12-19,2000,BURGLARY FROM VEHICLE,330,34.0783,-118.3113
1364545,2016-12-19,2300,ROBBERY,210,34.0596,-118.2749
1364700,2016-12-19,935,ARSON,648,33.9629,-118.2739
1364714,2016-12-19,2210,TRESPASSING,888,34.2122,-118.4128
1364990,2016-12-19,1930,"THEFT-GRAND ($950.01 & OVER)EXCPT,GUNS,FOWL,LIVESTK,PROD",341,34.1052,-118.3375
1365281,2016-12-19,1400,VEHICLE - STOLEN,510,33.9999,-118.2608
1365340,2016-12-19,1000,BURGLARY,310,34.0173,-118.331
1365349,2016-12-19,2300,KIDNAPPING,910,34.1504,-118.4312
1365526,2016-12-19,1830,"THEFT-GRAND ($950.01 & OVER)EXCPT,GUNS,FOWL,LIVESTK,PROD",341,34.2954,-118.4886
1365768,2016-12-19,2200,VEHICLE - STOLEN,510,34.0747,-118.3157
1366481,2016-12-19,800,THEFT OF IDENTITY,354,34.2699,-118.4315
1366640,2016-12-19,1500,BURGLARY,310,33.742,-118.3119
1366718,2016-12-19,1550,"THEFT, PERSON",350,33.9465,-118.2695
1367964,2016-12-19,600,BRANDISH WEAPON,761,34.0507,-118.3281
1368195,2016-12-19,2000,THEFT PLAIN - PETTY ($950 & UNDER),440,34.0453,-118.2443
1368291,2016-12-19,2055,VEHICLE - STOLEN,510,34.0349,-118.2436
1368553,2016-12-19,1700,BATTERY - SIMPLE ASSAULT,624,34.0256,-118.3061
1368858,2016-12-19,700,"ASSAULT WITH DEADLY WEAPON, AGGRAVATED ASSAULT",230,34.0812,-118.25200000000001
1368935,2016-12-19,1300,DISTURBING THE PEACE,886,34.0502,-118.25399999999999
1369274,2016-12-19,1300,INTIMATE PARTNER - SIMPLE ASSAULT,626,34.0306,-118.2341
1369349,2016-12-19,1500,INTIMATE PARTNER - SIMPLE ASSAULT,626,34.3155,-118.4343
1369356,2016-12-19,1815,THEFT FROM MOTOR VEHICLE - GRAND ($400 AND OVER),331,33.7798,-118.2656
1369743,2016-12-19,800,"VANDALISM - FELONY ($400 & OVER, ALL CHURCH VANDALISMS)",740,34.0371,-118.2551
1370091,2016-12-19,2010,"THEFT-GRAND ($950.01 & OVER)EXCPT,GUNS,FOWL,LIVESTK,PROD",341,34.0406,-118.4275
1370337,2016-12-19,1500,THEFT PLAIN - PETTY ($950 & UNDER),440,34.241,-118.5623
1370653,2016-12-19,1924,ROBBERY,210,34.0467,-118.2485
1371075,2016-12-19,2215,VANDALISM - MISDEAMEANOR ($399 OR UNDER),745,34.201,-118.5906
1371146,2016-12-19,1900,BURGLARY FROM VEHICLE,330,34.2012,-118.4531
1372264,2016-12-19,1835,INTIMATE PARTNER - SIMPLE ASSAULT,626,34.2372,-118.4311
1372322,2016-12-19,240,INTIMATE PARTNER - SIMPLE ASSAULT,626,34.0491,-118.2823
1373165,2016-12-19,1350,BATTERY - SIMPLE ASSAULT,624,34.1903,-118.4574
1373189,2016-12-19,831,CRIMINAL THREATS - NO WEAPON DISPLAYED,930,34.2172,-118.6353
1373599,2016-12-19,2100,THEFT FROM MOTOR VEHICLE - PETTY ($950 & UNDER),420,34.1793,-118.6546
1373651,2016-12-19,1915,BATTERY - SIMPLE ASSAULT,624,33.9519,-118.2781
1374057,2016-12-19,700,VANDALISM - MISDEAMEANOR ($399 OR UNDER),745,34.2166,-118.4618
1374324,2016-12-19,1300,VEHICLE - STOLEN,510,34.1976,-118.4356
1374384,2016-12-19,1900,BURGLARY,310,34.05,-118.4674
1375002,2016-12-19,2345,BATTERY - SIMPLE ASSAULT,624,34.1475,-118.4225
1375240,2016-12-19,1800,VEHICLE - STOLEN,510,34.1721,-118.4618
1375255,2016-12-19,1400,"VANDALISM - FELONY ($400 & OVER, ALL CHURCH VANDALISMS)",740,34.0929,-118.2098
1375664,2016-12-19,1200,BATTERY - SIMPLE ASSAULT,624,34.1017,-118.3114
1375716,2016-12-19,1930,BURGLARY,310,34.2927,-118.5152
1375907,2016-12-19,900,THEFT OF IDENTITY,354,33.9543,-118.3003
1375942,2016-12-19,1600,"ASSAULT WITH DEADLY WEAPON, AGGRAVATED ASSAULT",230,34.201,-118.5623
1376374,2016-12-19,1650,ROBBERY,210,33.9824,-118.2827
1377380,2016-12-19,1215,ROBBERY,210,34.0632,-118.2408
1378136,2016-12-19,1930,BATTERY - SIMPLE ASSAULT,624,34.0216,-118.3556
1378423,2016-12-19,100,THEFT OF IDENTITY,354,33.99,-118.4347
1378894,2016-12-19,1730,BURGLARY FROM VEHICLE,330,34.203,-118.5456
1379254,2016-12-19,1,BURGLARY,310,34.0365,-118.4441
1379526,2016-12-19,1900,THEFT FROM MOTOR VEHICLE - PETTY ($950 & UNDER),420,34.1054,-118.1923
1379668,2016-12-19,2300,THEFT FROM MOTOR VEHICLE - PETTY ($950 & UNDER),420,34.2012,-118.4706
1379730,2016-12-19,1300,"BUNCO, PETTY THEFT",664,34.098,-118.3267
1379835,2016-12-19,2200,ROBBERY,210,34.1328,-118.1981
1380193,2016-12-19,930,BATTERY - SIMPLE ASSAULT,624,34.1032,-118.3333
1380246,2016-12-19,1900,ROBBERY,210,34.0037,-118.2915
1382057,2016-12-19,2000,VEHICLE - STOLEN,510,34.1121,-118.2548
1382142,2016-12-19,1900,ATTEMPTED ROBBERY,220,34.0407,-118.2468
1382299,2016-12-19,1700,VIOLATION OF RESTRAINING ORDER,901,34.2034,-118.5852
1382713,2016-12-19,830,BURGLARY,310,34.1686,-118.5186
1384320,2016-12-19,1700,VEHICLE - STOLEN,510,33.9553,-118.3857
1384590,2016-12-19,445,BATTERY - SIMPLE ASSAULT,624,33.9563,-118.2915
1384782,2016-12-19,800,"BURGLARY FROM VEHICLE, ATTEMPTED",410,34.258,-118.5561
1385026,2016-12-19,1115,"THEFT, PERSON",350,34.1036,-118.3049
1385142,2016-12-19,2100,BURGLARY,310,34.1749,-118.5308
1385583,2016-12-19,2100,"BUNCO, PETTY THEFT",664,34.0216,-118.3556
1385637,2016-12-19,100,VEHICLE - STOLEN,510,34.1903,-118.5335
1387020,2016-12-19,950,VANDALISM - MISDEAMEANOR ($399 OR UNDER),745,34.0472,-118.3
1387300,2016-12-19,2230,VEHICLE - STOLEN,510,34.0736,-118.1724
1388473,2016-12-19,2145,BURGLARY FROM VEHICLE,330,34.0524,-118.2342
1388906,2016-12-19,1200,BATTERY - SIMPLE ASSAULT,624,33.7796,-118.2699
1389132,2016-12-19,1920,SHOPLIFTING - PETTY THEFT ($950 & UNDER),442,34.1422,-118.223
1390225,2016-12-19,1630,BATTERY - SIMPLE ASSAULT,624,34.0436,-118.2354
1390377,2016-12-19,1300,THEFT FROM MOTOR VEHICLE - GRAND ($400 AND OVER),331,34.0337,-118.2487
1390388,2016-12-19,1900,THEFT OF IDENTITY,354,34.2231,-118.4699
1390584,2016-12-19,800,THEFT OF IDENTITY,354,34.1917,-118.428
1390792,2016-12-19,1500,BURGLARY,310,34.0921,-118.1982
1390801,2016-12-19,2047,ROBBERY,210,34.1936,-118.4166
1391205,2016-12-19,900,THEFT OF IDENTITY,354,34.0702,-118.2116
1391510,2016-12-19,1200,OTHER MISCELLANEOUS CRIME,946,34.0527,-118.3074
1391712,2016-12-19,900,VEHICLE - STOLEN,510,33.9529,-118.447
1393667,2016-12-19,2230,THEFT PLAIN - ATTEMPT,441,34.0921,-118.2084
1393818,2016-12-19,200,BURGLARY,310,34.0381,-118.215
1394873,2016-12-19,2000,BURGLARY,310,34.0335,-118.3581
1395018,2016-12-19,1440,INTIMATE PARTNER - SIMPLE ASSAULT,626,34.0469,-118.2156
1395259,2016-12-19,1200,THEFT OF IDENTITY,354,34.2122,-118.4311
1395757,2016-12-19,2100,BATTERY - SIMPLE ASSAULT,624,33.9842,-118.2783
1395810,2016-12-19,1750,BATTERY - SIMPLE ASSAULT,624,34.1857,-118.4509
1396171,2016-12-19,220,BURGLARY,310,34.2446,-118.5361
1396805,2016-12-19,2015,BRANDISH WEAPON,761,34.0667,-118.2797
1396940,2016-12-19,1530,VEHICLE - STOLEN,510,34.035,-118.2834
1396941,2016-12-19,1030,"BUNCO, GRAND THEFT",662,33.9873,-118.4403
1397050,2016-12-19,900,BURGLARY FROM VEHICLE,330,33.7297,-118.2924
1397196,2016-12-19,245,THEFT OF IDENTITY,354,34.2121,-118.3845
1398522,2016-12-19,2030,BATTERY WITH SEXUAL CONTACT,860,34.0421,-118.2469
1398785,2016-12-19,130,BATTERY - SIMPLE ASSAULT,624,34.2085,-118.3703
1399009,2016-12-19,2005,"ASSAULT WITH DEADLY WEAPON, AGGRAVATED ASSAULT",230,34.0039,-118.2565
1399293,2016-12-19,2200,THEFT PLAIN - PETTY ($950 & UNDER),440,34.0486,-118.3385
1399801,2016-12-19,1900,BURGLARY,310,34.2066,-118.4144
1400135,2016-12-19,2020,BURGLARY FROM VEHICLE,330,34.0389,-118.3402
1401881,2016-12-19,1350,BATTERY - SIMPLE ASSAULT,624,34.0596,-118.2749
1401959,2016-12-19,1700,"VANDALISM - FELONY ($400 & OVER, ALL CHURCH VANDALISMS)",740,34.2361,-118.3945
1402048,2016-12-19,115,ROBBERY,210,34.0636,-118.2992
1402094,2016-12-19,1800,CRIMINAL THREATS - NO WEAPON DISPLAYED,930,34.1976,-118.4356
1402678,2016-12-19,2330,VEHICLE - STOLEN,510,33.9251,-118.2892
1403047,2016-12-19,800,THEFT PLAIN - PETTY ($950 & UNDER),440,34.0341,-118.4525
1405629,2016-12-19,450,BURGLARY,310,34.0616,-118.4337
1405656,2016-12-19,2200,CRIMINAL THREATS - NO WEAPON DISPLAYED,930,33.9388,-118.2499
1405871,2016-12-19,1415,ROBBERY,210,34.2251,-118.5372
1406054,2016-12-19,1500,THREATENING PHONE CALLS/LETTERS,928,34.2176,-118.6017
1406150,2016-12-19,1600,BURGLARY,310,34.196,-118.4052
1406176,2016-12-19,1600,"SEX,UNLAWFUL(INC MUTUAL CONSENT, PENETRATION W/ FRGN OBJ",810,34.0525,-118.2205
1406177,2016-12-19,2240,ROBBERY,210,34.0728,-118.2965
1406269,2016-12-19,1700,THEFT PLAIN - PETTY ($950 & UNDER),440,34.1016,-118.3387
1407342,2016-12-19,245,"ASSAULT WITH DEADLY WEAPON, AGGRAVATED ASSAULT",230,34.0056,-118.2816
1407801,2016-12-19,2200,BURGLARY,310,33.9834,-118.4702
1407838,2016-12-19,115,ROBBERY,210,33.9524,-118.2446
1407853,2016-12-19,1800,BURGLARY FROM VEHICLE,330,33.9881,-118.2772
1408038,2016-12-19,1,BURGLARY FROM VEHICLE,330,33.7824,-118.2719
1408256,2016-12-19,1430,"THEFT-GRAND ($950.01 & OVER)EXCPT,GUNS,FOWL,LIVESTK,PROD",341,34.1905,-118.6059
1408277,2016-12-19,2150,INTIMATE PARTNER - SIMPLE ASSAULT,626,33.9583,-118.2605
1408408,2016-12-19,1130,THEFT PLAIN - PETTY ($950 & UNDER),440,34.0598,-118.2954
1408562,2016-12-19,120,VEHICLE - STOLEN,510,34.2218,-118.3901
1409505,2016-12-19,1030,BURGLARY,310,34.0109,-118.3023
1409586,2016-12-19,2135,VANDALISM - MISDEAMEANOR ($399 OR UNDER),745,34.3076,-118.4692
1409740,2016-12-19,210,"ASSAULT WITH DEADLY WEAPON, AGGRAVATED ASSAULT",230,34.0908,-118.3092
1410174,2016-12-19,1315,THEFT FROM MOTOR VEHICLE - PETTY ($950 & UNDER),420,33.9967,-118.4473
1410594,2016-12-19,1834,ATTEMPTED ROBBERY,220,34.2201,-118.5754
1410843,2016-12-19,2120,BURGLARY FROM VEHICLE,330,34.3111,-118.4327
1410926,2016-12-19,1730,BATTERY - SIMPLE ASSAULT,624,33.9547,-118.2717
1411117,2016-12-19,1842,"BUNCO, GRAND THEFT",662,34.0559,-118.2756
1411238,2016-12-19,1200,VEHICLE - STOLEN,510,34.0418,-118.309
1411293,2016-12-19,1730,THEFT FROM MOTOR VEHICLE - GRAND ($400 AND OVER),331,34.2103,-118.4542
1411504,2016-12-19,300,"VANDALISM - FELONY ($400 & OVER, ALL CHURCH VANDALISMS)",740,34.2049,-118.3866
1411805,2016-12-19,2010,CRIMINAL THREATS - NO WEAPON DISPLAYED,930,34.015,-118.348
1411826,2016-12-19,1400,SEXUAL PENETRATION W/FOREIGN OBJECT,815,34.0414,-118.2112
1411948,2016-12-19,1900,THEFT FROM MOTOR VEHICLE - PETTY ($950 & UNDER),420,33.9806,-118.309
1412140,2016-12-19,1530,"BUNCO, GRAND THEFT",662,34.0598,-118.2734
1412244,2016-12-19,1740,BATTERY - SIMPLE ASSAULT,624,34.0614,-118.4747
1413075,2016-12-19,1855,SHOPLIFTING - PETTY THEFT ($950 & UNDER),442,34.1428,-118.226
1414238,2016-12-19,1950,"ASSAULT WITH DEADLY WEAPON, AGGRAVATED ASSAULT",230,33.9974,-118.2982
1415059,2016-12-19,1600,THEFT PLAIN - PETTY ($950 & UNDER),440,34.1635,-118.5977
1415219,2016-12-19,1945,ROBBERY,210,34.1867,-118.4487
1415362,2016-12-19,2030,BURGLARY FROM VEHICLE,330,33.9893,-118.2564
1415437,2016-12-19,800,"THEFT-GRAND ($950.01 & OVER)EXCPT,GUNS,FOWL,LIVESTK,PROD",341,34.1522,-118.5995
1415770,2016-12-19,705,BATTERY - SIMPLE ASSAULT,624,34.0515,-118.2424
1415865,2016-12-19,1530,INTIMATE PARTNER - SIMPLE ASSAULT,626,33.9807,-118.2761
1415913,2016-12-19,1200,"BUNCO, ATTEMPT",666,34.0483,-118.37200000000001
1416152,2016-12-19,1625,"THEFT, PERSON",350,33.9798,-118.2783
1417285,2016-12-19,840,THEFT FROM MOTOR VEHICLE - PETTY ($950 & UNDER),420,34.07,-118.1998
1417339,2016-12-19,2355,VEHICLE - STOLEN,510,34.0932,-118.2939
1417415,2016-12-19,2300,INTIMATE PARTNER - SIMPLE ASSAULT,626,34.2148,-118.5404
1418159,2016-12-19,1006,THEFT PLAIN - PETTY ($950 & UNDER),440,34.0784,-118.2969
1418426,2016-12-19,800,"EMBEZZLEMENT, GRAND THEFT ($950.01 & OVER)",668,34.0436,-118.3611
1419010,2016-12-19,1813,ROBBERY,210,34.166,-118.5095
1419851,2016-12-19,500,VEHICLE - STOLEN,510,34.3221,-118.4899
1420024,2016-12-19,1018,"ASSAULT WITH DEADLY WEAPON, AGGRAVATED ASSAULT",230,34.0162,-118.3482
1420035,2016-12-19,2314,BIKE - STOLEN,480,34.0462,-118.2585
1420806,2016-12-19,1930,VIOLATION OF COURT ORDER,900,34.0109,-118.3084
1420999,2016-12-19,2005,BATTERY - SIMPLE ASSAULT,624,34.0459,-118.3454
1421493,2016-12-19,105,VANDALISM - MISDEAMEANOR ($399 OR UNDER),745,33.9669,-118.2783
1422594,2016-12-19,1730,THEFT PLAIN - PETTY ($950 & UNDER),440,34.0511,-118.4643
1422676,2016-12-19,1426,ROBBERY,210,33.9593,-118.26299999999999
1422926,2016-12-19,1430,"VANDALISM - FELONY ($400 & OVER, ALL CHURCH VANDALISMS)",740,34.0867,-118.2171
1422933,2016-12-19,1500,SHOPLIFTING - PETTY THEFT ($950 & UNDER),442,34.2322,-118.5113
1423166,2016-12-19,1600,VEHICLE - STOLEN,510,34.0268,-118.3318
1423332,2016-12-19,1715,SHOPLIFTING - PETTY THEFT ($950 & UNDER),442,34.1547,-118.45299999999999
1423527,2016-12-19,900,BURGLARY,310,34.0341,-118.4525
1424177,2016-12-19,1500,BURGLARY,310,34.1778,-118.5273
1425155,2016-12-19,100,VIOLATION OF RESTRAINING ORDER,901,34.3082,-118.4569
1426531,2016-12-19,546,CRIMINAL THREATS - NO WEAPON DISPLAYED,930,34.0349,-118.2436
1426703,2016-12-19,1700,"VANDALISM - FELONY ($400 & OVER, ALL CHURCH VANDALISMS)",740,34.2408,-118.2667
1426876,2016-12-19,1030,BATTERY - SIMPLE ASSAULT,624,34.048,-118.3434
1426983,2016-12-19,10,THEFT FROM MOTOR VEHICLE - PETTY ($950 & UNDER),420,34.2121,-118.3845
1427454,2016-12-19,1200,BURGLARY FROM VEHICLE,330,34.0294,-118.2411
1427652,2016-12-19,1830,BURGLARY FROM VEHICLE,330,34.1867,-118.4117
1428156,2016-12-19,1300,THEFT OF IDENTITY,354,34.1897,-118.4465
1428183,2016-12-19,1630,INTIMATE PARTNER - SIMPLE ASSAULT,626,34.1569,-118.6058
1428445,2016-12-19,1750,BURGLARY FROM VEHICLE,330,34.0176,-118.2778
1428621,2016-12-19,1940,VANDALISM - MISDEAMEANOR ($399 OR UNDER),745,34.1747,-118.4442
1428659,2016-12-19,1935,"SHOTS FIRED AT MOVING VEHICLE, TRAIN OR AIRCRAFT",250,34.1937,-118.6234
1428836,2016-12-19,700,BATTERY - SIMPLE ASSAULT,624,34.0234,-118.2101
1429061,2016-12-19,1555,"ASSAULT WITH DEADLY WEAPON, AGGRAVATED ASSAULT",230,34.2282,-118.4575
1429140,2016-12-19,245,BURGLARY,310,34.0913,-118.4655
1429262,2016-12-19,1200,"ASSAULT WITH DEADLY WEAPON, AGGRAVATED ASSAULT",230,34.2682,-118.4229
1429422,2016-12-19,1700,VEHICLE - STOLEN,510,34.2685,-118.4694
1429676,2016-12-19,1330,VEHICLE - STOLEN,510,33.9377,-118.3745
1429832,2016-12-19,410,BURGLARY FROM VEHICLE,330,34.069,-118.3029
1429966,2016-12-19,1900,THEFT FROM MOTOR VEHICLE - PETTY ($950 & UNDER),420,34.0142,-118.2397
1430164,2016-12-19,130,BATTERY - SIMPLE ASSAULT,624,34.0526,-118.3031
1430429,2016-12-19,1800,"VANDALISM - FELONY ($400 & OVER, ALL CHURCH VANDALISMS)",740,33.993,-118.2521
1430553,2016-12-19,1200,INTIMATE PARTNER - SIMPLE ASSAULT,626,34.0954,-118.2961
1430729,2016-12-19,1625,VIOLATION OF TEMPORARY RESTRAINING ORDER,902,34.2246,-118.5951
1431024,2016-12-19,1750,TRESPASSING,888,33.945,-118.23899999999999
1431173,2016-12-19,1200,THEFT OF IDENTITY,354,34.0836,-118.3016
1431314,2016-12-19,1245,"BUNCO, PETTY THEFT",664,33.9853,-118.444
1431434,2016-12-19,2005,CHILD ABUSE (PHYSICAL) - SIMPLE ASSAULT,627,34.0203,-118.3452
1431511,2016-12-19,1830,CRIMINAL THREATS - NO WEAPON DISPLAYED,930,34.0446,-118.245
1432860,2016-12-19,700,"EMBEZZLEMENT, GRAND THEFT ($950.01 & OVER)",668,33.9551,-118.3805
1433433,2016-12-19,1200,INTIMATE PARTNER - SIMPLE ASSAULT,626,34.2148,-118.4602
1434449,2016-12-19,1400,BURGLARY FROM VEHICLE,330,33.9292,-118.2604
1435480,2016-12-19,1600,THEFT OF IDENTITY,354,34.0034,-118.4418
1435644,2016-12-19,1240,BATTERY - SIMPLE ASSAULT,624,34.0618,-118.2916
1436163,2016-12-19,2300,BURGLARY FROM VEHICLE,330,34.203,-118.5492
1436346,2016-12-19,1700,VEHICLE - STOLEN,510,33.8656,-118.3091
1436669,2016-12-19,2201,VANDALISM - MISDEAMEANOR ($399 OR UNDER),745,34.0524,-118.2342
1437262,2016-12-19,152,BURGLARY,310,34.241,-118.5361
1437518,2016-12-19,1930,"THEFT-GRAND ($950.01 & OVER)EXCPT,GUNS,FOWL,LIVESTK,PROD",341,34.0188,-118.2216
